,precision,recall,f1-score,support
Aggrex,0.0,0.0,0.0,2.0
Alphintern,1.0,0.5,0.6666666666666666,2.0
BETADINE,0.0,0.0,0.0,1.0
C Zinc,1.0,1.0,1.0,1.0
CEMICRESTO,1.0,0.5,0.6666666666666666,2.0
CHOLEROSE,0.5,0.5,0.5,2.0
Candalkan,1.0,1.0,1.0,1.0
DEPOFORT B12,0.5,1.0,0.6666666666666666,2.0
DIFLUCAN,1.0,1.0,1.0,1.0
Daflon,1.0,1.0,1.0,1.0
Ectomethrin,1.0,1.0,1.0,1.0
Fucicort,0.5,1.0,0.6666666666666666,1.0
Fucidin,0.0,0.0,0.0,1.0
Milga,0.5,1.0,0.6666666666666666,2.0
Paramol,0.0,0.0,0.0,1.0
Sediproct,0.0,0.0,0.0,1.0
SelokenZOC,0.25,1.0,0.4,1.0
Zenta,1.0,1.0,1.0,1.0
accuracy,0.625,0.625,0.625,0.625
macro avg,0.5694444444444444,0.6388888888888888,0.5685185185185184,24.0
weighted avg,0.5729166666666666,0.625,0.5583333333333333,24.0
